code,pref,city,latitude,longitude
11011,北海道,中央区,43.05546,141.340956
11029,北海道,北区,43.09085,141.340831
11037,北海道,東区,43.076069,141.363722
11045,北海道,白石区,43.047687,141.405078
11053,北海道,豊平区,43.031291,141.380106
11061,北海道,南区,42.990031,141.353497
11070,北海道,西区,43.07447,141.300889
11088,北海道,厚別区,43.036408,141.474789
11096,北海道,手稲区,43.121944,141.245632
11100,北海道,清田区,42.999636,141.44383
12025,北海道,,41.768793,140.72881
12033,北海道,,43.190717,140.994662
12041,北海道,,43.770636,142.364819
12050,北海道,,42.315231,140.973799
12068,北海道,,42.984854,144.381356
12076,北海道,,42.923899,143.196103
12084,北海道,,43.804031,143.895876
12092,北海道,,43.056734,141.973896
12106,北海道,,43.196206,141.775933
12114,北海道,,44.020632,144.273398
12122,北海道,,43.940987,141.637012
12131,北海道,,42.634302,141.605372
12149,北海道,,45.415664,141.673082
12157,北海道,,43.332881,141.853785
12165,北海道,,43.518166,142.189436
12173,北海道,,43.103745,141.536247
12181,北海道,,43.558074,142.044211
12190,北海道,,44.356484,143.354503
12203,北海道,,44.178734,142.400404
12211,北海道,,44.355938,142.463167
12220,北海道,,43.245435,141.875327
12238,北海道,,43.330076,145.58279
12246,北海道,,42.820958,141.650876
12254,北海道,,43.557795,141.91019
12262,北海道,,43.494843,141.903465
12271,北海道,,43.521353,142.034568
12289,北海道,,43.72326,142.053538
12297,北海道,,43.34214,142.383225
12301,北海道,,42.41276,141.106632
12319,北海道,,42.882562,141.577815
12335,北海道,,42.471851,140.864679
12343,北海道,,42.98563,141.563543
12351,北海道,,43.171384,141.31552
12360,北海道,,41.82406,140.652903
13030,北海道,当別町,43.223683,141.517072
13048,北海道,新篠津村,43.225424,141.649216
13315,北海道,松前町,41.430037,140.110435
13323,北海道,福島町,41.483802,140.251326
13331,北海道,知内町,41.598356,140.418963
13340,北海道,木古内町,41.678264,140.437568
13374,北海道,七飯町,41.89572,140.69428
13439,北海道,鹿部町,42.038487,140.815939
13455,北海道,森町,42.104795,140.576324
13463,北海道,八雲町,42.255999,140.265281
13471,北海道,長万部町,42.513688,140.380633
13617,北海道,江差町,41.869156,140.12746
13625,北海道,上ノ国町,41.801082,140.121348
13633,北海道,厚沢部町,41.920901,140.225472
13641,北海道,乙部町,41.968501,140.135719
13676,北海道,奥尻町,42.172278,139.514008
13706,北海道,今金町,42.429422,140.008878
13714,北海道,せたな町,42.417161,139.882988
13919,北海道,島牧村,42.70052,140.06146
13927,北海道,寿都町,42.790979,140.22898
13935,北海道,黒松内町,42.667864,140.30754
13943,北海道,蘭越町,42.809075,140.528312
13951,北海道,ニセコ町,42.804705,140.687493
13960,北海道,真狩村,42.762971,140.803744
13978,北海道,留寿都村,42.73736,140.875591
13986,北海道,喜茂別町,42.795472,140.9345
13994,北海道,京極町,42.858208,140.884088
14001,北海道,倶知安町,42.901829,140.758698
15717,北海道,豊浦町,42.583447,140.711832
15849,北海道,洞爺湖町,42.551269,140.764098
14010,北海道,共和町,42.980398,140.611187
14028,北海道,岩内町,42.979785,140.514753
14036,北海道,泊村,43.063355,140.498859
14044,北海道,神恵内村,43.143813,140.430742
14052,北海道,積丹町,43.298853,140.598193
14061,北海道,古平町,43.26536,140.63882
14079,北海道,仁木町,43.151691,140.76613
14087,北海道,余市町,43.195232,140.783467
14095,北海道,赤井川村,43.08349,140.813481
14231,北海道,南幌町,43.063727,141.650069
14249,北海道,奈井江町,43.425106,141.882788
14257,北海道,上砂川町,43.482608,141.984084
14605,北海道,上富良野町,43.455661,142.467073
14613,北海道,中富良野町,43.405671,142.425136
14621,北海道,南富良野町,43.163979,142.568488
14273,北海道,由仁町,42.999605,141.790338
14281,北海道,長沼町,43.010353,141.695252
14290,北海道,栗山町,43.056309,141.784255
14303,北海道,月形町,43.338436,141.669451
14311,北海道,浦臼町,43.430322,141.818837
14320,北海道,新十津川町,43.548547,141.877032
14338,北海道,妹背牛町,43.700112,141.961711
14346,北海道,秩父別町,43.767013,141.957958
14362,北海道,雨竜町,43.643924,141.88899
14371,北海道,北竜町,43.731356,141.879022
14389,北海道,沼田町,43.806802,141.933272
14729,北海道,幌加内町,44.009854,142.153933
14524,北海道,鷹栖町,43.843353,142.354451
14532,北海道,東神楽町,43.696626,142.451437
14541,北海道,当麻町,43.828177,142.508366
14559,北海道,比布町,43.875076,142.477552
14567,北海道,愛別町,43.906504,142.577973
14575,北海道,上川町,43.84718,142.770431
14583,北海道,東川町,43.698974,142.510317
14591,北海道,美瑛町,43.588187,142.466972
14648,北海道,和寒町,44.023068,142.413306
14656,北海道,剣淵町,44.095677,142.361221
14681,北海道,下川町,44.302503,142.635308
16357,北海道,新得町,43.079796,142.838737
16365,北海道,清水町,43.011356,142.88454
14630,北海道,占冠村,42.979779,142.398357
15814,北海道,厚真町,42.723662,141.877935
15857,北海道,安平町,42.762815,141.818017
15865,北海道,むかわ町,42.574807,141.92675
14699,北海道,美深町,44.481126,142.343014
14702,北海道,音威子府村,44.725004,142.262464
14711,北海道,中川町,44.811346,142.071438
16438,北海道,幕別町,42.908234,143.355969
16446,北海道,池田町,42.928955,143.448355
16454,北海道,豊頃町,42.801052,143.505919
16462,北海道,本別町,43.124712,143.610573
14818,北海道,増毛町,43.856033,141.525198
14826,北海道,小平町,44.015108,141.662575
14834,北海道,苫前町,44.30604,141.653022
14842,北海道,羽幌町,44.360683,141.69725
14851,北海道,初山別村,44.532154,141.766409
14869,北海道,遠別町,44.722139,141.792369
14877,北海道,天塩町,44.888341,141.745397
15164,北海道,豊富町,45.102933,141.777505
15202,北海道,幌延町,45.017711,141.849384
15113,北海道,猿払村,45.330616,142.109192
15121,北海道,浜頓別町,45.123694,142.359948
15130,北海道,中頓別町,44.969819,142.286735
15148,北海道,枝幸町,44.938714,142.581411
15172,北海道,礼文町,45.30302,141.047689
15181,北海道,利尻町,45.187068,141.139627
15199,北海道,利尻富士町,45.247735,141.214344
15431,北海道,美幌町,43.823782,144.107042
15440,北海道,津別町,43.706453,144.025032
15644,北海道,大空町,43.91185,144.172709
15458,北海道,斜里町,43.911513,144.670605
15466,北海道,清里町,43.835216,144.594562
15474,北海道,小清水町,43.856852,144.462025
15491,北海道,訓子府町,43.725255,143.74173
15504,北海道,置戸町,43.676323,143.586397
15521,北海道,佐呂間町,44.017756,143.774506
15555,北海道,遠軽町,44.061953,143.527947
15598,北海道,湧別町,44.151598,143.572894
15601,北海道,滝上町,44.192203,143.077588
15610,北海道,興部町,44.469878,143.123891
15628,北海道,西興部村,44.328853,142.944392
15636,北海道,雄武町,44.582551,142.96181
15750,北海道,壮瞥町,42.552283,140.886014
15784,北海道,白老町,42.55126,141.355955
16012,北海道,日高町,42.48029,142.074398
16021,北海道,平取町,42.585081,142.128523
16047,北海道,新冠町,42.362406,142.318332
16071,北海道,浦河町,42.168516,142.76812
16080,北海道,様似町,42.127853,142.93355
16098,北海道,えりも町,42.01628,143.148443
16101,北海道,新ひだか町,42.341281,142.368591
16314,北海道,音更町,42.994143,143.19796
16322,北海道,士幌町,43.168027,143.241377
16331,北海道,上士幌町,43.232548,143.296189
16349,北海道,鹿追町,43.099102,142.989043
16373,北海道,芽室町,42.91186,143.050863
16381,北海道,中札内村,42.697614,143.132443
16390,北海道,更別村,42.650351,143.187858
16411,北海道,大樹町,42.49754,143.278814
16420,北海道,広尾町,42.285838,143.311496
16471,北海道,足寄町,43.244801,143.553905
16489,北海道,陸別町,43.468981,143.747243
16497,北海道,浦幌町,42.808927,143.658396
16616,北海道,釧路町,42.996045,144.466032
16624,北海道,厚岸町,43.051871,144.84736
16632,北海道,浜中町,43.077145,145.129369
16641,北海道,標茶町,43.30344,144.600779
16659,北海道,弟子屈町,43.485348,144.459221
16675,北海道,鶴居村,43.229887,144.321216
16683,北海道,白糠町,42.956177,144.071805
16918,北海道,別海町,43.393787,145.117271
16926,北海道,中標津町,43.555242,144.971391
16934,北海道,標津町,43.661387,145.131319
16942,北海道,羅臼町,44.021876,145.18962
22012,青森県,,40.822072,140.747365
22021,青森県,,40.603124,140.463922
22039,青森県,,40.512284,141.488399
22047,青森県,,40.642632,140.594645
22055,青森県,,40.808002,140.44009
22063,青森県,,40.612703,141.205908
22071,青森県,,40.683134,141.368976
22080,青森県,,41.292746,141.183476
22098,青森県,,40.808639,140.380059
22101,青森県,,40.584011,140.566478
23019,青森県,平内町,40.926031,140.95592
23035,青森県,今別町,41.181757,140.481654
23043,青森県,蓬田村,40.971714,140.655966
23078,青森県,外ヶ浜町,41.043159,140.632296
23213,青森県,鰺ヶ沢町,40.779913,140.208695
23230,青森県,深浦町,40.647895,139.927375
23434,青森県,西目屋村,40.576709,140.296288
23612,青森県,藤崎町,40.656069,140.502811
23621,青森県,大鰐町,40.518188,140.567828
23671,青森県,田舎館村,40.631252,140.550116
23817,青森県,板柳町,40.695894,140.457324
23841,青森県,鶴田町,40.758605,140.428382
23876,青森県,中泊町,40.965179,140.43984
24015,青森県,野辺地町,40.864469,141.128757
24023,青森県,七戸町,40.697416,141.151021
24058,青森県,六戸町,40.609521,141.324949
24066,青森県,横浜町,41.083147,141.247793
24082,青森県,東北町,40.727876,141.257882
24112,青森県,六ヶ所村,40.967344,141.374552
24121,青森県,おいらせ町,40.599107,141.397797
24236,青森県,大間町,41.526771,140.907438
24244,青森県,東通村,41.277787,141.328936
24252,青森県,風間浦村,41.487574,140.995729
24261,青森県,佐井村,41.429706,140.859129
24414,青森県,三戸町,40.378407,141.258745
24422,青森県,五戸町,40.531225,141.30779
24431,青森県,田子町,40.339962,141.15205
24457,青森県,南部町,40.466593,141.381986
24465,青森県,階上町,40.452489,141.620851
24503,青森県,新郷村,40.465626,141.173464
32018,岩手県,,39.702053,141.154484
32026,岩手県,,39.64142,141.95714
32034,岩手県,,39.081901,141.70853
32051,岩手県,,39.388578,141.116645
32069,岩手県,,39.286765,141.113191
32077,岩手県,,40.190524,141.775583
32085,岩手県,,39.327838,141.533303
32093,岩手県,,38.934682,141.1268
32107,岩手県,,39.027661,141.625495
32115,岩手県,,39.275818,141.885677
32131,岩手県,,40.271213,141.304817
32140,岩手県,,39.956477,141.071292
32158,岩手県,,39.144529,141.139141
32166,岩手県,,39.734684,141.077095
33014,岩手県,雫石町,39.696288,140.975776
33022,岩手県,葛巻町,40.039896,141.436465
33031,岩手県,岩手町,39.97259,141.212516
33219,岩手県,紫波町,39.554568,141.155659
33227,岩手県,矢巾町,39.605981,141.142889
33669,岩手県,西和賀町,39.434621,140.750124
33812,岩手県,金ケ崎町,39.195742,141.116324
34029,岩手県,平泉町,38.986662,141.113822
34410,岩手県,住田町,39.14223,141.575047
34614,岩手県,大槌町,39.358231,141.899422
34827,岩手県,山田町,39.467662,141.94895
34835,岩手県,岩泉町,39.843042,141.796303
34843,岩手県,田野畑村,39.93045,141.888868
34851,岩手県,普代村,40.005167,141.885908
35017,岩手県,軽米町,40.326746,141.460633
35033,岩手県,野田村,40.110266,141.817668
35068,岩手県,九戸村,40.211392,141.418985
35076,岩手県,洋野町,40.284263,141.624833
35246,岩手県,一戸町,40.213011,141.295475
41017,宮城県,青葉区,38.269076,140.870403
41025,宮城県,宮城野区,38.266139,140.909832
41033,宮城県,若林区,38.244224,140.900756
41041,宮城県,太白区,38.224348,140.877134
41050,宮城県,泉区,38.326375,140.881629
42021,宮城県,,38.43448,141.302917
42030,宮城県,,38.314362,141.022027
42056,宮城県,,38.908078,141.569992
42064,宮城県,,38.002478,140.61986
42072,宮城県,,38.17152,140.891913
42081,宮城県,,37.977063,140.78199
42099,宮城県,,38.293839,141.004225
42111,宮城県,,38.104292,140.870138
42129,宮城県,,38.691923,141.187579
42137,宮城県,,38.730128,141.021333
42145,宮城県,,38.426168,141.210242
42153,宮城県,,38.577071,140.95535
43010,宮城県,蔵王町,38.098164,140.658416
43028,宮城県,七ヶ宿町,37.993063,140.441612
43214,宮城県,大河原町,38.049493,140.730721
43222,宮城県,村田町,38.118539,140.722404
43231,宮城県,柴田町,38.056563,140.76579
43249,宮城県,川崎町,38.177737,140.643202
43419,宮城県,丸森町,37.911429,140.765528
43613,宮城県,亘理町,38.03746,140.852581
43621,宮城県,山元町,37.961668,140.877818
44016,宮城県,松島町,38.380128,141.067244
44041,宮城県,七ヶ浜町,38.304613,141.059186
44067,宮城県,利府町,38.33019,140.975722
44211,宮城県,大和町,38.437329,140.886306
44229,宮城県,大郷町,38.42426,141.004445
44237,宮城県,富谷町,38.399815,140.895408
44245,宮城県,大衡村,38.467226,140.880087
44440,宮城県,色麻町,38.54892,140.849878
44458,宮城県,加美町,38.571767,140.854751
45012,宮城県,涌谷町,38.539646,141.128075
45055,宮城県,美里町,38.544391,141.056695
45811,宮城県,女川町,38.449733,141.443088
46060,宮城県,南三陸町,38.679771,141.460514
52019,秋田県,,39.720008,140.102564
52027,秋田県,,40.212151,140.026624
52035,秋田県,,39.313782,140.566649
52043,秋田県,,40.271405,140.564285
52060,秋田県,,39.886818,139.847558
52078,秋田県,,39.164304,140.495663
52094,秋田県,,40.215778,140.788436
52108,秋田県,,39.385877,140.048791
52116,秋田県,,39.857288,140.013054
52124,秋田県,,39.453088,140.475448
52132,秋田県,,40.226054,140.370742
52141,秋田県,,39.203012,139.907713
52159,秋田県,,39.700069,140.730588
53031,秋田県,小坂町,40.333092,140.736081
53279,秋田県,上小阿仁村,40.063266,140.295767
53465,秋田県,藤里町,40.27836,140.261704
53481,秋田県,三種町,40.101626,140.004748
53490,秋田県,八峰町,40.318724,140.038648
53619,秋田県,五城目町,39.943892,140.111306
53635,秋田県,八郎潟町,39.949382,140.073318
53660,秋田県,井川町,39.914169,140.081294
53686,秋田県,大潟村,40.017792,139.960067
54348,秋田県,美郷町,39.461905,140.581299
54631,秋田県,羽後町,39.199323,140.412923
54640,秋田県,東成瀬村,39.179183,140.64889
62014,山形県,,38.255439,140.339602
62022,山形県,,37.92224,140.116781
62031,山形県,,38.727197,139.826731
62049,山形県,,38.914433,139.836515
62057,山形県,,38.765015,140.301608
62065,山形県,,38.380964,140.275967
62073,山形県,,38.149562,140.267827
62081,山形県,,38.483344,140.380372
62090,山形県,,38.107494,140.040524
62103,山形県,,38.362265,140.377886
62111,山形県,,38.431354,140.39109
62120,山形県,,38.600622,140.405691
62138,山形県,,38.055141,140.148375
63011,山形県,山辺町,38.289114,140.262178
63029,山形県,中山町,38.333114,140.283034
63215,山形県,河北町,38.426271,140.314284
63223,山形県,西川町,38.426499,140.147347
63231,山形県,朝日町,38.299248,140.145926
63240,山形県,大江町,38.380648,140.207013
63410,山形県,大石田町,38.593863,140.37268
63614,山形県,金山町,38.883357,140.339456
63622,山形県,最上町,38.758387,140.519354
63631,山形県,舟形町,38.691444,140.319776
63649,山形県,真室川町,38.857859,140.252301
63657,山形県,大蔵村,38.704182,140.230374
63665,山形県,鮭川村,38.796457,140.222052
63673,山形県,戸沢村,38.737473,140.143804
63819,山形県,高畠町,38.002736,140.18916
63827,山形県,川西町,38.004479,140.04579
64017,山形県,小国町,38.061627,139.743364
64025,山形県,白鷹町,38.183095,140.098438
64033,山形県,飯豊町,38.045827,139.987529
64262,山形県,三川町,38.794487,139.849696
64289,山形県,庄内町,38.849915,139.904745
64611,山形県,遊佐町,39.014616,139.907352
72010,福島県,,37.760834,140.474728
72028,福島県,,37.494761,139.92981
72036,福島県,,37.400529,140.359742
72044,福島県,,37.05042,140.887682
72052,福島県,,37.126362,140.210943
72079,福島県,,37.292893,140.356975
72087,福島県,,37.651355,139.874609
72095,福島県,,37.796624,140.91947
72109,福島県,,37.584858,140.431129
72117,福島県,,37.44055,140.576422
72125,福島県,,37.642161,140.957276
72133,福島県,,37.819138,140.562908
72141,福島県,,37.513131,140.39389
73016,福島県,桑折町,37.849537,140.516352
73032,福島県,国見町,37.837,140.549185
73083,福島県,川俣町,37.663922,140.597333
73229,福島県,大玉村,37.534392,140.371189
73423,福島県,鏡石町,37.25283,140.343408
73440,福島県,天栄村,37.255606,140.247074
73628,福島県,下郷町,37.25558,139.872128
73644,福島県,檜枝岐村,37.024146,139.388945
73679,福島県,只見町,37.348801,139.316091
73687,福島県,南会津町,37.200395,139.773199
74021,福島県,北塩原村,37.655715,139.937374
74055,福島県,西会津町,37.588798,139.647495
74071,福島県,磐梯町,37.562115,139.98878
74080,福島県,猪苗代町,37.557768,140.104761
74217,福島県,会津坂下町,37.561481,139.821643
74225,福島県,湯川村,37.565299,139.886778
74233,福島県,柳津町,37.52616,139.719542
74446,福島県,三島町,37.470369,139.644447
74454,福島県,金山町,37.453851,139.524298
74462,福島県,昭和村,37.335416,139.61066
74471,福島県,会津美里町,37.459854,139.841178
74616,福島県,西郷村,37.141696,140.155364
74641,福島県,泉崎村,37.157052,140.295252
74659,福島県,中島村,37.148757,140.350204
74667,福島県,矢吹町,37.201278,140.338608
74811,福島県,棚倉町,37.029905,140.379648
74829,福島県,矢祭町,36.871403,140.424783
74837,福島県,塙町,36.957437,140.409573
74845,福島県,鮫川村,37.042327,140.509669
75019,福島県,石川町,37.14433,140.452351
75027,福島県,玉川村,37.210706,140.409038
75035,福島県,平田村,37.221786,140.575876
75043,福島県,浅川町,37.080995,140.412809
75051,福島県,古殿町,37.089093,140.555649
75213,福島県,三春町,37.441048,140.492569
75221,福島県,小野町,37.286823,140.626277
75418,福島県,広野町,37.214559,140.994458
75426,福島県,楢葉町,37.2825,140.993611
75434,福島県,富岡町,37.333056,141.016944
75442,福島県,川内村,37.337691,140.809345
75451,福島県,大熊町,37.404444,140.983611
75469,福島県,双葉町,37.449167,141.0125
75477,福島県,浪江町,37.483333,141
75485,福島県,葛尾村,37.503611,140.764444
75612,福島県,新地町,37.876357,140.919599
75647,福島県,飯舘村,37.67919,140.735247
82015,茨城県,,36.366503,140.470996
82023,茨城県,,36.599154,140.651469
82031,茨城県,,36.078297,140.204333
82040,茨城県,,36.184645,139.702525
82058,茨城県,,36.190048,140.287556
82074,茨城県,,36.305417,139.876641
82082,茨城県,,35.911594,140.182264
82104,茨城県,,36.184514,139.967374
82112,茨城県,,36.023494,139.993617
82121,茨城県,,36.538275,140.53095
82147,茨城県,,36.719147,140.716688
82155,茨城県,,36.801911,140.750979
82163,茨城県,,36.3453,140.304354
82171,茨城県,,35.911442,140.050468
82198,茨城県,,35.979375,140.149524
82201,茨城県,,36.083486,140.076642
82210,茨城県,,36.396615,140.534676
82228,茨城県,,35.965756,140.644813
82236,茨城県,,35.947123,140.555372
82244,茨城県,,35.951421,139.975391
82252,茨城県,,36.542577,140.41089
82261,茨城県,,36.457469,140.486854
82279,茨城県,,36.307053,139.983123
82287,茨城県,,36.048738,139.88832
82295,茨城県,,35.956492,140.323908
82309,茨城県,,36.094529,140.330691
82317,茨城県,,36.32725,140.090433
82325,茨城県,,35.889966,140.664513
82333,茨城県,,35.990416,140.489025
82341,茨城県,,36.15864,140.516461
82350,茨城県,,35.963024,140.03702
82368,茨城県,,36.239345,140.352576
83020,茨城県,茨城町,36.286921,140.424514
83097,茨城県,大洗町,36.313443,140.574974
83101,茨城県,城里町,36.479363,140.376166
83411,茨城県,東海村,36.47288,140.566299
83640,茨城県,大子町,36.768096,140.355266
84425,茨城県,美浦村,36.004562,140.301914
84433,茨城県,阿見町,36.030795,140.214786
84476,茨城県,河内町,35.884794,140.244465
85219,茨城県,八千代町,36.181635,139.891129
85421,茨城県,五霞町,36.114113,139.745832
85464,茨城県,境町,36.108426,139.794961
85642,茨城県,利根町,35.857747,140.139148
92011,栃木県,,36.555112,139.882807
92029,栃木県,,36.340151,139.449698
92037,栃木県,,36.38238,139.734081
92045,栃木県,,36.308578,139.593118
92053,栃木県,,36.567111,139.745013
92061,栃木県,,36.719903,139.698216
92088,栃木県,,36.314671,139.800131
92096,栃木県,,36.440419,140.013442
92100,栃木県,,36.871484,140.017419
92118,栃木県,,36.806686,139.924054
92134,栃木県,,36.961698,140.046066
92142,栃木県,,36.685301,139.966452
92151,栃木県,,36.656893,140.151426
92169,栃木県,,36.387195,139.841967
93017,栃木県,上三川町,36.439296,139.909884
93424,栃木県,益子町,36.467353,140.093378
93432,栃木県,茂木町,36.53212,140.187565
93441,栃木県,市貝町,36.543308,140.102046
93459,栃木県,芳賀町,36.548323,140.058196
93611,栃木県,壬生町,36.427058,139.803932
93645,栃木県,野木町,36.233251,139.74075
93840,栃木県,塩谷町,36.777613,139.85057
93866,栃木県,高根沢町,36.630973,139.986684
94072,栃木県,那須町,37.019731,140.121017
94111,栃木県,那珂川町,36.761661,140.130072
102016,群馬県,,36.389482,139.063428
102024,群馬県,,36.321909,139.003294
102032,群馬県,,36.405491,139.330688
102041,群馬県,,36.311364,139.19677
102059,群馬県,,36.291122,139.375471
102067,群馬県,,36.646077,139.044161
102075,群馬県,,36.244849,139.541968
102083,群馬県,,36.489471,139.000448
102091,群馬県,,36.258477,139.074439
102105,群馬県,,36.259896,138.889932
102113,群馬県,,36.326368,138.887324
102121,群馬県,,36.394838,139.281135
103446,群馬県,榛東村,36.438642,138.967118
103454,群馬県,吉岡町,36.447501,139.009766
103667,群馬県,上野村,36.083143,138.777376
103675,群馬県,神流町,36.116056,138.916955
103829,群馬県,下仁田町,36.21239,138.789094
103837,群馬県,南牧村,36.158548,138.711406
103845,群馬県,甘楽町,36.242954,138.921682
104213,群馬県,中之条町,36.589893,138.840986
104248,群馬県,長野原町,36.552446,138.637477
104256,群馬県,嬬恋村,36.516874,138.530182
104264,群馬県,草津町,36.620778,138.596053
104281,群馬県,高山村,36.620887,138.943449
104299,群馬県,東吾妻町,36.571347,138.825472
104434,群馬県,片品村,36.772469,139.225243
104442,群馬県,川場村,36.694669,139.106534
104485,群馬県,昭和村,36.639753,139.065865
104493,群馬県,みなかみ町,36.6787,138.999064
104647,群馬県,玉村町,36.304433,139.114913
105210,群馬県,板倉町,36.222952,139.610271
105228,群馬県,明和町,36.2113,139.534244
105236,群馬県,千代田町,36.217754,139.442435
105244,群馬県,大泉町,36.247902,139.40487
105252,群馬県,邑楽町,36.252394,139.462286
111015,埼玉県,西区,35.925302,139.579472
111023,埼玉県,北区,35.931522,139.620346
111031,埼玉県,大宮区,35.906487,139.628754
111040,埼玉県,見沼区,35.935206,139.654526
111058,埼玉県,中央区,35.884096,139.626102
111066,埼玉県,桜区,35.85614,139.610352
111074,埼玉県,浦和区,35.861651,139.645435
111082,埼玉県,南区,35.845253,139.645352
111091,埼玉県,緑区,35.871087,139.68397
111104,埼玉県,岩槻区,35.949861,139.694191
112011,埼玉県,,35.925101,139.485793
112020,埼玉県,,36.14731,139.388645
112038,埼玉県,,35.807738,139.724171
112062,埼玉県,,36.138949,139.455643
112071,埼玉県,,35.992055,139.084817
112089,埼玉県,,35.799672,139.46861
112097,埼玉県,,35.855731,139.327734
112101,埼玉県,,36.131438,139.601719
112119,埼玉県,,36.243568,139.190393
112127,埼玉県,,36.042126,139.399959
112143,埼玉県,,35.975198,139.752301
112151,埼玉県,,35.852942,139.412213
112160,埼玉県,,36.172626,139.548465
112178,埼玉県,,36.065758,139.522169
112186,埼玉県,,36.197444,139.281464
112194,埼玉県,,35.977381,139.593206
112216,埼玉県,,35.825355,139.805402
112224,埼玉県,,35.891084,139.790938
112232,埼玉県,,35.825634,139.679708
112241,埼玉県,,35.817616,139.677892
112259,埼玉県,,35.835766,139.391058
112275,埼玉県,,35.797252,139.593916
112283,埼玉県,,35.83675,139.580319
112291,埼玉県,,35.781208,139.605793
112305,埼玉県,,35.793511,139.565369
112313,埼玉県,,36.005779,139.542531
112321,埼玉県,,36.061995,139.666838
112330,埼玉県,,36.026768,139.530211
112348,埼玉県,,35.822536,139.839175
112356,埼玉県,,35.856759,139.549074
112372,埼玉県,,35.830149,139.872275
112381,埼玉県,,35.994307,139.662106
112399,埼玉県,,35.95717,139.402905
112402,埼玉県,,36.078072,139.725861
112411,埼玉県,,35.934515,139.393098
112429,埼玉県,,35.907796,139.339026
112437,埼玉県,,35.891152,139.841375
112453,埼玉県,,35.879538,139.519764
112461,埼玉県,,36.019026,139.676925
113018,埼玉県,伊奈町,36.000112,139.624185
113247,埼玉県,三芳町,35.828367,139.526432
113263,埼玉県,毛呂山町,35.941501,139.316067
113271,埼玉県,越生町,35.964478,139.294199
113417,埼玉県,滑川町,36.065987,139.360917
113425,埼玉県,嵐山町,36.056655,139.320542
113433,埼玉県,小川町,36.056697,139.261845
113468,埼玉県,川島町,35.982014,139.481518
113476,埼玉県,吉見町,36.039853,139.453728
113484,埼玉県,鳩山町,35.981466,139.334101
113492,埼玉県,ときがわ町,36.00862,139.296844
113611,埼玉県,横瀬町,35.987284,139.100046
113620,埼玉県,皆野町,36.07084,139.098754
113638,埼玉県,長瀞町,36.114803,139.109717
113654,埼玉県,小鹿野町,36.017129,139.008574
113697,埼玉県,東秩父村,36.058153,139.194607
113816,埼玉県,美里町,36.177104,139.18141
113832,埼玉県,神川町,36.213876,139.101776
113859,埼玉県,上里町,36.251607,139.144826
114081,埼玉県,寄居町,36.118348,139.193012
114421,埼玉県,宮代町,36.022682,139.722885
114642,埼玉県,杉戸町,36.025765,139.736709
114651,埼玉県,松伏町,35.925774,139.815178
121011,千葉県,中央区,35.608932,140.124636
121029,千葉県,花見川区,35.662977,140.069167
121037,千葉県,稲毛区,35.636212,140.107083
121045,千葉県,若葉区,35.633988,140.155661
121053,千葉県,緑区,35.560459,140.176164
121061,千葉県,美浜区,35.640485,140.06304
122025,千葉県,,35.734681,140.826641
122033,千葉県,,35.721912,139.93101
122041,千葉県,,35.694706,139.982618
122050,千葉県,,34.996506,139.869965
122068,千葉県,,35.381227,139.92486
122076,千葉県,,35.787649,139.903093
122084,千葉県,,35.955192,139.874764
122106,千葉県,,35.428544,140.288027
122114,千葉県,,35.776608,140.318781
122122,千葉県,,35.723486,140.223964
122131,千葉県,,35.559944,140.366092
122157,千葉県,,35.720434,140.646469
122165,千葉県,,35.683035,140.024365
122173,千葉県,,35.867612,139.97585
122181,千葉県,,35.152283,140.320932
122190,千葉県,,35.497838,140.115665
122203,千葉県,,35.85631,139.90266
122211,千葉県,,35.722468,140.099772
122220,千葉県,,35.864123,140.028225
122238,千葉県,,35.113987,140.098711
122246,千葉県,,35.77675,140.00079
122254,千葉県,,35.33045,139.902677
122262,千葉県,,35.30412,139.857105
122271,千葉県,,35.653984,139.902203
122289,千葉県,,35.669816,140.167925
122297,千葉県,,35.429808,139.95443
122301,千葉県,,35.665917,140.317952
122319,千葉県,,35.832348,140.145815
122327,千葉県,,35.7915,140.056372
122335,千葉県,,35.726808,140.343058
122343,千葉県,,35.042991,139.840128
122351,千葉県,,35.707917,140.564281
122360,千葉県,,35.897735,140.499268
122378,千葉県,,35.602964,140.413506
122386,千葉県,,35.253889,140.385051
122394,千葉県,,35.521708,140.32096
123226,千葉県,酒々井町,35.724824,140.269547
123293,千葉県,栄町,35.840784,140.243831
123421,千葉県,神崎町,35.901602,140.405285
123471,千葉県,多古町,35.735434,140.467728
123498,千葉県,東庄町,35.83715,140.668581
124036,千葉県,九十九里町,35.535062,140.44025
124095,千葉県,芝山町,35.693056,140.414194
124109,千葉県,横芝光町,35.665568,140.504309
124214,千葉県,一宮町,35.372623,140.368659
124222,千葉県,睦沢町,35.361088,140.319273
124231,千葉県,長生村,35.412184,140.35406
124249,千葉県,白子町,35.45434,140.374234
124265,千葉県,長柄町,35.431125,140.227059
124273,千葉県,長南町,35.386421,140.237065
124419,千葉県,大多喜町,35.285191,140.245439
124435,千葉県,御宿町,35.191506,140.348796
124630,千葉県,鋸南町,35.111159,139.835509
131016,東京都,,35.694003,139.753595
131024,東京都,,35.670651,139.771861
131032,東京都,,35.658068,139.751599
131041,東京都,,35.69384,139.703549
131059,東京都,,35.708068,139.752167
131067,東京都,,35.712607,139.779996
131075,東京都,,35.710722,139.801497
131083,東京都,,35.672854,139.81741
131091,東京都,,35.609226,139.730186
131105,東京都,,35.641463,139.698171
131113,東京都,,35.561257,139.716051
131121,東京都,,35.646572,139.653247
131130,東京都,,35.661777,139.704051
131148,東京都,,35.707399,139.663835
131156,東京都,,35.699566,139.636438
131164,東京都,,35.726118,139.716605
131172,東京都,,35.752804,139.733481
131181,東京都,,35.73608,139.783369
131199,東京都,,35.751165,139.709244
131202,東京都,,35.735623,139.651658
131211,東京都,,35.775664,139.804479
131229,東京都,,35.743575,139.84718
131237,東京都,,35.706657,139.868427
132012,東京都,,35.666339,139.315806
132021,東京都,,35.714014,139.407843
132039,東京都,,35.717784,139.56626
132047,東京都,,35.683513,139.559584
132055,東京都,,35.787996,139.27583
132063,東京都,,35.668974,139.477661
132071,東京都,,35.705755,139.353548
132080,東京都,,35.650615,139.540694
132098,東京都,,35.546631,139.438619
132101,東京都,,35.699473,139.502992
132110,東京都,,35.728577,139.477456
132128,東京都,,35.671337,139.394926
132136,東京都,,35.754597,139.468489
132144,東京都,,35.710335,139.463191
132152,東京都,,35.683885,139.44138
132187,東京都,,35.738451,139.326932
132195,東京都,,35.634912,139.578733
132209,東京都,,35.745369,139.426593
132217,東京都,,35.785753,139.52643
132225,東京都,,35.758048,139.529739
132233,東京都,,35.754861,139.387399
132241,東京都,,35.637004,139.446307
132250,東京都,,35.637924,139.504567
132276,東京都,,35.767222,139.310944
132284,東京都,,35.72892,139.294119
132292,東京都,,35.725496,139.538156
133035,東京都,瑞穂町,35.772036,139.353846
133051,東京都,日の出町,35.742142,139.257444
133078,東京都,檜原村,35.726839,139.148866
133086,東京都,奥多摩町,35.809543,139.096197
133612,東京都,,34.75004,139.355579
133621,東京都,,34.529364,139.282585
133639,東京都,,34.377134,139.256571
133647,東京都,,34.205267,139.134255
133817,東京都,,34.075774,139.479744
133825,東京都,,33.897366,139.596116
134015,東京都,,33.11274,139.789065
134023,東京都,,32.466459,139.763312
134210,東京都,,27.094366,142.191918
141011,神奈川県,鶴見区,35.508404,139.68254
141020,神奈川県,神奈川区,35.476901,139.629431
141038,神奈川県,西区,35.453623,139.61696
141046,神奈川県,中区,35.444699,139.642178
141054,神奈川県,南区,35.431462,139.608837
141062,神奈川県,保土ケ谷区,35.459953,139.595979
141071,神奈川県,磯子区,35.402439,139.618433
141089,神奈川県,金沢区,35.33725,139.624408
141097,神奈川県,港北区,35.519083,139.633024
141101,神奈川県,戸塚区,35.400001,139.533507
141119,神奈川県,港南区,35.40078,139.591167
141127,神奈川県,旭区,35.474836,139.54472
141135,神奈川県,緑区,35.512396,139.538006
141143,神奈川県,瀬谷区,35.466026,139.49886
141151,神奈川県,栄区,35.364348,139.554076
141160,神奈川県,泉区,35.417938,139.488722
141178,神奈川県,青葉区,35.552824,139.537019
141186,神奈川県,都筑区,35.544851,139.57053
141313,神奈川県,川崎区,35.529667,139.703848
141321,神奈川県,幸区,35.544293,139.686772
141330,神奈川県,中原区,35.576371,139.655709
141348,神奈川県,高津区,35.599462,139.607938
141356,神奈川県,多摩区,35.619489,139.562127
141364,神奈川県,宮前区,35.589192,139.578469
141372,神奈川県,麻生区,35.60373,139.505747
141518,神奈川県,緑区,35.59565,139.33771
141526,神奈川県,中央区,35.571384,139.373246
141534,神奈川県,南区,35.530297,139.430195
142018,神奈川県,,35.281341,139.672201
142034,神奈川県,,35.33511,139.349476
142042,神奈川県,,35.319225,139.546687
142051,神奈川県,,35.33917,139.490036
142069,神奈川県,,35.264564,139.152154
142077,神奈川県,,35.33386,139.404716
142085,神奈川県,,35.295606,139.580423
142107,神奈川県,,35.144171,139.62077
142115,神奈川県,,35.374736,139.219943
142123,神奈川県,,35.443082,139.362489
142131,神奈川県,,35.487512,139.45795
142140,神奈川県,,35.402969,139.314973
142158,神奈川県,,35.446446,139.390803
142166,神奈川県,,35.488587,139.407673
142174,神奈川県,,35.320715,139.0996
142182,神奈川県,,35.437175,139.426148
143014,神奈川県,葉山町,35.272089,139.5862
143219,神奈川県,寒川町,35.372956,139.383861
143413,神奈川県,大磯町,35.30685,139.311314
143421,神奈川県,二宮町,35.299491,139.255402
143618,神奈川県,中井町,35.330717,139.218774
143626,神奈川県,大井町,35.326674,139.156577
143634,神奈川県,松田町,35.348159,139.139375
143642,神奈川県,山北町,35.360605,139.083831
143669,神奈川県,開成町,35.336427,139.123183
143821,神奈川県,箱根町,35.232355,139.106937
143839,神奈川県,真鶴町,35.158468,139.137119
143847,神奈川県,湯河原町,35.147964,139.108317
144011,神奈川県,愛川町,35.528796,139.321717
144029,神奈川県,清川村,35.482383,139.276382
151017,新潟県,北区,37.916243,139.218588
151025,新潟県,東区,37.924871,139.092591
151033,新潟県,中央区,37.916367,139.036326
151041,新潟県,江南区,37.867646,139.093983
151050,新潟県,秋葉区,37.788506,139.114631
151068,新潟県,南区,37.765785,139.019127
151076,新潟県,西区,37.874223,138.97194
151084,新潟県,西蒲区,37.760464,138.889284
152021,新潟県,,37.446265,138.851277
152048,新潟県,,37.636768,138.961689
152056,新潟県,,37.3719,138.558984
152064,新潟県,,37.950886,139.327892
152081,新潟県,,37.314339,138.7951
152099,新潟県,,37.666275,139.040198
152102,新潟県,,37.127582,138.755708
152111,新潟県,,37.531604,138.912825
152129,新潟県,,38.223979,139.480021
152137,新潟県,,37.673152,138.88223
152161,新潟県,,37.039028,137.862652
152170,新潟県,,37.025196,138.253473
152188,新潟県,,37.744536,139.182568
152226,新潟県,,37.147848,138.23608
152234,新潟県,,37.834501,139.225983
152242,新潟県,,38.018353,138.368082
152251,新潟県,,37.244124,138.924361
152269,新潟県,,37.161428,138.925448
152277,新潟県,,38.059711,139.410342
153079,新潟県,聖籠町,37.974597,139.274336
153427,新潟県,弥彦村,37.691066,138.855249
153613,新潟県,田上町,37.698826,139.057982
153851,新潟県,阿賀町,37.675485,139.45878
154059,新潟県,出雲崎町,37.530707,138.709303
154610,新潟県,湯沢町,36.934025,138.81744
154822,新潟県,津南町,37.014274,138.652622
155047,新潟県,刈羽村,37.422359,138.622442
155811,新潟県,関川村,38.089376,139.564918
155861,新潟県,粟島浦村,38.468267,139.254439
162019,富山県,,36.695952,137.213677
162027,富山県,,36.754096,137.025728
162043,富山県,,36.827367,137.409215
162051,富山県,,36.855981,136.972849
162060,富山県,,36.764378,137.341191
162078,富山県,,36.871508,137.44803
162086,富山県,,36.647534,136.962009
162094,富山県,,36.675575,136.868622
162108,富山県,,36.557513,136.875336
162116,富山県,,36.782455,137.079614
163210,富山県,舟橋村,36.703531,137.307377
163228,富山県,上市町,36.698414,137.36238
163236,富山県,立山町,36.663522,137.313697
163422,富山県,入善町,36.933511,137.502045
163431,富山県,朝日町,36.94619,137.559943
172014,石川県,,36.561325,136.656205
172022,石川県,,37.043102,136.967518
172031,石川県,,36.408351,136.445571
172049,石川県,,37.39059,136.899196
172057,石川県,,37.436347,137.260436
172065,石川県,,36.302624,136.314627
172073,石川県,,36.893599,136.778996
172090,石川県,,36.719826,136.706727
172103,石川県,,36.514427,136.565892
172111,石川県,,36.446941,136.554242
172120,石川県,,36.519704,136.609971
173240,石川県,川北町,36.46863,136.542304
173614,石川県,津幡町,36.668693,136.728442
173657,石川県,内灘町,36.653494,136.645086
173843,石川県,志賀町,37.006312,136.77801
173860,石川県,宝達志水町,36.862773,136.797529
174076,石川県,中能登町,36.988884,136.901832
174611,石川県,穴水町,37.230995,136.912475
174637,石川県,能登町,37.353216,137.244521
182010,福井県,,36.064067,136.219494
182028,福井県,,35.645244,136.055441
182044,福井県,,35.495593,135.746644
182052,福井県,,35.979814,136.487564
182061,福井県,,36.060945,136.500584
182079,福井県,,35.956553,136.184474
182087,福井県,,36.211353,136.229025
182095,福井県,,35.903499,136.16878
182109,福井県,,36.166925,136.231457
183229,福井県,永平寺町,36.092256,136.298706
183822,福井県,池田町,35.890472,136.343907
184047,福井県,南越前町,35.835164,136.194465
184233,福井県,越前町,35.974208,136.129743
184420,福井県,美浜町,35.60053,135.940543
184811,福井県,高浜町,35.490428,135.55099
184837,福井県,おおい町,35.481166,135.617828
185019,福井県,若狭町,35.461888,135.857211
192015,山梨県,,35.66228,138.568202
192023,山梨県,,35.487497,138.807854
192040,山梨県,,35.55168,138.905473
192058,山梨県,,35.693394,138.686914
192066,山梨県,,35.610485,138.940028
192074,山梨県,,35.708897,138.446127
192082,山梨県,,35.608328,138.464966
192091,山梨県,,35.77653,138.423781
192104,山梨県,,35.686259,138.487257
192112,山梨県,,35.64736,138.639786
192121,山梨県,,35.630259,139.108599
192139,山梨県,,35.704316,138.729404
192147,山梨県,,35.599629,138.517272
193461,山梨県,市川三郷町,35.565303,138.502369
193640,山梨県,早川町,35.412917,138.362759
193658,山梨県,身延町,35.467494,138.44246
193666,山梨県,南部町,35.242352,138.486109
193682,山梨県,富士川町,35.561156,138.461384
193844,山梨県,昭和町,35.627926,138.535142
194221,山梨県,道志村,35.527956,139.033379
194239,山梨県,西桂町,35.524069,138.846891
194247,山梨県,忍野村,35.460098,138.847861
194255,山梨県,山中湖村,35.410645,138.860917
194298,山梨県,鳴沢村,35.481392,138.706362
194301,山梨県,富士河口湖町,35.497314,138.755084
194425,山梨県,小菅村,35.760124,138.940161
194433,山梨県,丹波山村,35.789712,138.922231
202011,長野県,,36.64855,138.194243
202029,長野県,,36.238038,137.972034
202037,長野県,,36.401912,138.248889
202045,長野県,,36.067012,138.049326
202053,長野県,,35.514978,137.821447
202061,長野県,,36.039142,138.114182
202070,長野県,,36.651097,138.307192
202088,長野県,,36.327419,138.42588
202096,長野県,,35.827481,137.95408
202100,長野県,,35.728814,137.933782
202118,長野県,,36.742044,138.36945
202126,長野県,,36.503018,137.851094
202134,長野県,,36.851745,138.365495
202142,長野県,,35.995571,138.158893
202151,長野県,,36.114972,137.953449
202177,長野県,,36.248868,138.476831
202185,長野県,,36.533897,138.120108
202193,長野県,,36.359477,138.330247
202207,長野県,,36.303951,137.905801
203033,長野県,小海町,36.095097,138.483472
203041,長野県,川上村,35.975487,138.578605
203050,長野県,南牧村,36.020856,138.492091
203068,長野県,南相木村,36.035985,138.54699
203076,長野県,北相木村,36.059169,138.550883
203092,長野県,佐久穂町,36.161106,138.483544
203211,長野県,軽井沢町,36.34829,138.596955
203238,長野県,御代田町,36.321183,138.508784
203246,長野県,立科町,36.27207,138.315972
203491,長野県,青木村,36.370346,138.12884
203505,長野県,長和町,36.255854,138.267866
203611,長野県,下諏訪町,36.069559,138.08017
203629,長野県,富士見町,35.914621,138.240699
203637,長野県,原村,35.964456,138.21772
203823,長野県,辰野町,35.982513,137.987484
203831,長野県,箕輪町,35.915134,137.981944
203840,長野県,飯島町,35.676737,137.91968
203858,長野県,南箕輪村,35.8729,137.975024
203866,長野県,中川村,35.634537,137.946058
203882,長野県,宮田村,35.768904,137.944307
204021,長野県,松川町,35.597292,137.909567
204030,長野県,高森町,35.551497,137.878437
204048,長野県,阿南町,35.32364,137.816055
204072,長野県,阿智村,35.443769,137.747505
204099,長野県,平谷村,35.323236,137.63003
204102,長野県,根羽村,35.253077,137.58126
204111,長野県,下條村,35.397414,137.786051
204129,長野県,売木村,35.271046,137.711313
204137,長野県,天龍村,35.276227,137.85414
204145,長野県,泰阜村,35.377523,137.846015
204153,長野県,喬木村,35.513682,137.8737
204161,長野県,豊丘村,35.551439,137.895975
204170,長野県,大鹿村,35.578222,138.034017
204226,長野県,上松町,35.784076,137.694069
204234,長野県,南木曽町,35.603756,137.609016
204251,長野県,木祖村,35.936437,137.783301
204293,長野県,王滝村,35.809395,137.550969
204307,長野県,大桑村,35.682911,137.664918
204323,長野県,木曽町,35.842431,137.691508
204463,長野県,麻績村,36.456089,138.045289
204480,長野県,生坂村,36.425248,137.927383
204501,長野県,山形村,36.168028,137.879155
204510,長野県,朝日村,36.12355,137.866133
204528,長野県,筑北村,36.402553,138.011938
204811,長野県,池田町,36.421366,137.874502
204820,長野県,松川村,36.424076,137.854498
204854,長野県,白馬村,36.69818,137.86185
204862,長野県,小谷村,36.779067,137.908405
205214,長野県,坂城町,36.46182,138.180106
205419,長野県,小布施町,36.697492,138.312037
205435,長野県,高山村,36.679768,138.363255
205613,長野県,山ノ内町,36.744634,138.412596
205621,長野県,木島平村,36.858406,138.406829
205630,長野県,野沢温泉村,36.922902,138.440641
205834,長野県,信濃町,36.806404,138.207113
205885,長野県,小川村,36.617271,137.974724
205907,長野県,飯綱町,36.763185,138.254809
206024,長野県,栄村,36.987514,138.577069
212016,岐阜県,,35.423298,136.760654
212024,岐阜県,,35.359384,136.61275
212032,岐阜県,,36.146124,137.252173
212041,岐阜県,,35.3328,137.132077
212059,岐阜県,,35.495738,136.917842
212067,岐阜県,,35.487548,137.500509
212075,岐阜県,,35.54477,136.90754
212083,岐阜県,,35.361712,137.254587
212091,岐阜県,,35.31991,136.703349
212105,岐阜県,,35.449314,137.412808
212113,岐阜県,,35.440242,137.015664
212121,岐阜県,,35.3525,137.183202
212130,岐阜県,,35.398869,136.848264
212148,岐阜県,,35.426121,137.061011
212156,岐阜県,,35.506109,136.781372
212164,岐阜県,,35.404094,136.649774
212172,岐阜県,,36.238124,137.186317
212181,岐阜県,,35.483047,136.678766
212199,岐阜県,,35.748577,136.964354
212202,岐阜県,,35.805882,137.2441
212211,岐阜県,,35.220492,136.636662
213021,岐阜県,岐南町,35.389722,136.783317
213039,岐阜県,笠松町,35.3672,136.763167
213411,岐阜県,養老町,35.308333,136.561555
213616,岐阜県,垂井町,35.370254,136.527102
213624,岐阜県,関ケ原町,35.365517,136.466982
213811,岐阜県,神戸町,35.417368,136.608459
213829,岐阜県,輪之内町,35.285108,136.637435
213837,岐阜県,安八町,35.335391,136.665409
214019,岐阜県,揖斐川町,35.487309,136.568653
214035,岐阜県,大野町,35.470614,136.627552
214043,岐阜県,池田町,35.442259,136.572926
214213,岐阜県,北方町,35.436948,136.685967
215015,岐阜県,坂祝町,35.426662,136.985459
215023,岐阜県,富加町,35.484883,136.979824
215031,岐阜県,川辺町,35.486579,137.070608
215040,岐阜県,七宗町,35.543724,137.119833
215058,岐阜県,八百津町,35.475952,137.141502
215066,岐阜県,白川町,35.581859,137.187824
215074,岐阜県,東白川村,35.642561,137.323751
215210,岐阜県,御嵩町,35.434245,137.13079
216046,岐阜県,白川村,36.270806,136.898478
221015,静岡県,葵区,34.97514,138.383243
221023,静岡県,駿河区,34.960745,138.404039
221031,静岡県,清水区,35.015888,138.489528
221317,静岡県,中区,34.710896,137.72594
221325,静岡県,東区,34.741325,137.791772
221333,静岡県,西区,34.69271,137.645317
221341,静岡県,南区,34.667333,137.7523
221350,静岡県,北区,34.806193,137.651023
221368,静岡県,浜北区,34.793372,137.789925
221376,静岡県,天竜区,34.872649,137.816265
222038,静岡県,,35.095584,138.863493
222054,静岡県,,35.096276,139.071705
222062,静岡県,,35.118402,138.918513
222071,静岡県,,35.222054,138.621643
222089,静岡県,,34.965671,139.101936
222097,静岡県,,34.836364,138.175997
222101,静岡県,,35.161399,138.676273
222119,静岡県,,34.717904,137.851513
222127,静岡県,,34.86692,138.323189
222135,静岡県,,34.768767,137.998168
222143,静岡県,,34.867367,138.257458
222151,静岡県,,35.308584,138.934506
222160,静岡県,,34.750174,137.924679
222194,静岡県,,34.679533,138.945316
222208,静岡県,,35.173883,138.906729
222216,静岡県,,34.718466,137.531626
222224,静岡県,,34.976586,138.946704
222232,静岡県,,34.637987,138.128127
222241,静岡県,,34.757746,138.084582
222259,静岡県,,35.027735,138.928921
222267,静岡県,,34.740043,138.224652
223018,静岡県,東伊豆町,34.772835,139.041311
223026,静岡県,河津町,34.757033,138.987538
223042,静岡県,南伊豆町,34.651092,138.858527
223051,静岡県,松崎町,34.752769,138.778726
223069,静岡県,西伊豆町,34.771676,138.775356
223255,静岡県,函南町,35.088973,138.953366
223417,静岡県,清水町,35.099015,138.902717
223425,静岡県,長泉町,35.13767,138.897178
223441,静岡県,小山町,35.360107,138.987298
224243,静岡県,吉田町,34.77087,138.251993
224294,静岡県,川根本町,35.046833,138.081695
224618,静岡県,森町,34.835627,137.927019
231011,愛知県,千種区,35.166486,136.946434
231029,愛知県,東区,35.179325,136.925993
231037,愛知県,北区,35.194206,136.911519
231045,愛知県,西区,35.189117,136.890033
231053,愛知県,中村区,35.168747,136.873015
231061,愛知県,中区,35.168707,136.910251
231070,愛知県,昭和区,35.150199,136.934124
231088,愛知県,瑞穂区,35.131441,136.934961
231096,愛知県,熱田区,35.128545,136.91028
231100,愛知県,中川区,35.141539,136.854793
231118,愛知県,港区,35.107772,136.885567
231126,愛知県,南区,35.095169,136.931242
231134,愛知県,守山区,35.203335,136.976314
231142,愛知県,緑区,35.070805,136.952238
231151,愛知県,名東区,35.175848,137.010183
231169,愛知県,天白区,35.122671,136.974982
232017,愛知県,,34.7692,137.391466
232025,愛知県,,34.954379,137.174329
232033,愛知県,,35.30389,136.802933
232041,愛知県,,35.223614,137.084171
232050,愛知県,,34.891718,136.937961
232068,愛知県,,35.247611,136.972224
232076,愛知県,,34.826851,137.375542
232084,愛知県,,35.177029,136.741214
232092,愛知県,,34.884804,136.993375
232106,愛知県,,34.989225,137.002107
232114,愛知県,,35.082395,137.156249
232122,愛知県,,34.958641,137.080297
232131,愛知県,,34.861937,137.06185
232149,愛知県,,34.8265,137.219516
232157,愛知県,,35.378607,136.944564
232165,愛知県,,34.8867,136.832397
232173,愛知県,,35.332011,136.870617
232190,愛知県,,35.29031,136.910952
232203,愛知県,,35.248132,136.780202
232211,愛知県,,34.899229,137.498476
232220,愛知県,,35.022843,136.90253
232238,愛知県,,35.011657,136.963835
232246,愛知県,,34.996533,136.864755
232254,愛知県,,35.001272,137.050749
232262,愛知県,,35.216513,137.035396
232271,愛知県,,34.927643,136.987677
232289,愛知県,,35.279503,136.871431
232297,愛知県,,35.053688,137.012997
232301,愛知県,,35.132015,137.039412
232319,愛知県,,34.668806,137.264203
232327,愛知県,,35.153141,136.7281
232335,愛知県,,35.203381,136.865521
232343,愛知県,,35.245668,136.866008
232351,愛知県,,35.110018,136.724739
232360,愛知県,,35.08941,137.074854
232378,愛知県,,35.170304,136.80083
232386,愛知県,,35.184126,137.048762
233021,愛知県,東郷町,35.096748,137.052553
233421,愛知県,豊山町,35.250474,136.912006
233617,愛知県,大口町,35.332436,136.90767
233625,愛知県,扶桑町,35.35914,136.913079
234249,愛知県,大治町,35.175078,136.820095
234257,愛知県,蟹江町,35.132331,136.786746
234273,愛知県,飛島村,35.078848,136.791078
234419,愛知県,阿久比町,34.932611,136.915554
234427,愛知県,東浦町,34.977094,136.965622
234451,愛知県,南知多町,34.715167,136.92997
234460,愛知県,美浜町,34.778815,136.908237
234478,愛知県,武豊町,34.851134,136.914803
235016,愛知県,幸田町,34.864442,137.165617
235610,愛知県,設楽町,35.097219,137.571445
235628,愛知県,東栄町,35.076939,137.697837
235636,愛知県,豊根村,35.146738,137.7197
242012,三重県,,34.718596,136.505698
242021,三重県,,34.965157,136.624485
242039,三重県,,34.487514,136.709336
242047,三重県,,34.577993,136.527593
242055,三重県,,35.062216,136.683803
242071,三重県,,34.88188,136.584209
242080,三重県,,34.627659,136.108296
242098,三重県,,34.070799,136.190995
242101,三重県,,34.855755,136.451645
242110,三重県,,34.481435,136.843362
242128,三重県,,33.888604,136.100237
242144,三重県,,35.115701,136.561471
242152,三重県,,34.32816,136.829691
242161,三重県,,34.768595,136.12991
243035,三重県,木曽岬町,35.07598,136.731328
243248,三重県,東員町,35.074257,136.583578
243418,三重県,菰野町,35.020068,136.507344
243434,三重県,朝日町,35.03421,136.664352
243442,三重県,川越町,35.023009,136.673865
244414,三重県,多気町,34.496153,136.546146
244422,三重県,明和町,34.54756,136.623176
244431,三重県,大台町,34.393387,136.407875
244619,三重県,玉城町,34.490278,136.630929
244708,三重県,度会町,34.438923,136.622466
244716,三重県,大紀町,34.358045,136.415792
244724,三重県,南伊勢町,34.352095,136.703689
245437,三重県,紀北町,34.211533,136.337313
245615,三重県,御浜町,33.814478,136.048724
245623,三重県,紀宝町,33.733773,136.00967
252018,滋賀県,,35.017893,135.854607
252026,滋賀県,,35.274461,136.259623
252034,滋賀県,,35.380815,136.278722
252042,滋賀県,,35.128339,136.097907
252069,滋賀県,,35.013134,135.959936
252077,滋賀県,,35.05894,135.994404
252085,滋賀県,,35.021617,135.997996
252093,滋賀県,,34.966139,136.167092
252107,滋賀県,,35.067454,136.02585
252115,滋賀県,,35.00415,136.084679
252123,滋賀県,,35.353071,136.03583
252131,滋賀県,,35.112456,136.207765
252140,滋賀県,,35.361585,136.370192
253839,滋賀県,日野町,35.018003,136.246043
253847,滋賀県,竜王町,35.060803,136.124535
254258,滋賀県,愛荘町,35.16894,136.212367
254410,滋賀県,豊郷町,35.200343,136.229893
254428,滋賀県,甲良町,35.204119,136.261205
254436,滋賀県,多賀町,35.221996,136.292049
261017,京都府,北区,35.041053,135.753983
261025,京都府,上京区,35.029618,135.756627
261033,京都府,左京区,35.048569,135.778548
261041,京都府,中京区,35.010425,135.751411
261050,京都府,東山区,34.997057,135.776162
261068,京都府,下京区,34.987655,135.755533
261076,京都府,南区,34.976661,135.746495
261084,京都府,右京区,35.010133,135.716078
261092,京都府,伏見区,34.93603,135.76141
261106,京都府,山科区,34.972336,135.813697
261114,京都府,西京区,34.985104,135.69342
262013,京都府,,35.2967,135.126563
262021,京都府,,35.474797,135.385992
262030,京都府,,35.298916,135.258812
262048,京都府,,34.884461,135.799854
262056,京都府,,35.535577,135.195567
262064,京都府,,35.013408,135.573609
262072,京都府,,34.853008,135.779974
262081,京都府,,34.948736,135.698288
262099,京都府,,34.926771,135.695785
262102,京都府,,34.875555,135.707621
262111,京都府,,34.814459,135.767695
262129,京都府,,35.624166,135.061
262137,京都府,,35.107374,135.47026
262145,京都府,,34.737162,135.820117
263036,京都府,大山崎町,34.902806,135.688476
263222,京都府,久御山町,34.8815,135.732607
263435,京都府,井手町,34.798408,135.803306
263443,京都府,宇治田原町,34.85267,135.856855
263648,京都府,笠置町,34.76045,135.939366
263656,京都府,和束町,34.79571,135.90488
263664,京都府,精華町,34.760856,135.785833
263672,京都府,南山城村,34.772789,135.993537
264075,京都府,京丹波町,35.164362,135.423055
264636,京都府,伊根町,35.675146,135.272639
264652,京都府,与謝野町,35.565309,135.152841
271021,大阪府,都島区,34.701279,135.52809
271039,大阪府,福島区,34.692337,135.472229
271047,大阪府,此花区,34.683049,135.452328
271063,大阪府,西区,34.676231,135.486059
271071,大阪府,港区,34.663918,135.460681
271080,大阪府,大正区,34.650403,135.4727
271098,大阪府,天王寺区,34.657917,135.519362
271110,大阪府,浪速区,34.659444,135.49963
271136,大阪府,西淀川区,34.711348,135.456202
271144,大阪府,東淀川区,34.741214,135.529423
271152,大阪府,東成区,34.670002,135.541268
271161,大阪府,生野区,34.653751,135.534413
271179,大阪府,旭区,34.721177,135.54422
271187,大阪府,城東区,34.70189,135.545973
271195,大阪府,阿倍野区,34.638969,135.518496
271209,大阪府,住吉区,34.603673,135.500632
271217,大阪府,東住吉区,34.622163,135.526601
271225,大阪府,西成区,34.634872,135.494373
271233,大阪府,淀川区,34.721026,135.486711
271241,大阪府,鶴見区,34.704329,135.574198
271250,大阪府,住之江区,34.609675,135.482742
271268,大阪府,平野区,34.621199,135.546072
271276,大阪府,北区,34.705362,135.510025
271284,大阪府,中央区,34.681261,135.509801
271411,大阪府,堺区,34.573254,135.483101
271420,大阪府,中区,34.528342,135.498636
271438,大阪府,東区,34.538192,135.536591
271446,大阪府,西区,34.534999,135.463972
271454,大阪府,南区,34.486527,135.490568
271462,大阪府,北区,34.56535,135.517178
271471,大阪府,美原区,34.538545,135.559833
272027,大阪府,,34.460634,135.370829
272035,大阪府,,34.781266,135.469739
272043,大阪府,,34.821705,135.428444
272051,大阪府,,34.759453,135.51686
272060,大阪府,,34.504279,135.410464
272078,大阪府,,34.846159,135.617272
272086,大阪府,,34.437584,135.358517
272094,大阪府,,34.737695,135.563904
272108,大阪府,,34.81434,135.650658
272116,大阪府,,34.816338,135.568505
272124,大阪府,,34.626864,135.600978
272132,大阪府,,34.406848,135.327337
272141,大阪府,,34.499527,135.597128
272159,大阪府,,34.766093,135.6281
272167,大阪府,,34.458084,135.564226
272175,大阪府,,34.577879,135.55185
272183,大阪府,,34.712015,135.623659
272191,大阪府,,34.483527,135.423557
272205,大阪府,,34.82693,135.470463
272213,大阪府,,34.579305,135.628642
272221,大阪府,,34.558035,135.606212
272230,大阪府,,34.739542,135.58689
272248,大阪府,,34.777356,135.561817
272256,大阪府,,34.520717,135.442452
272264,大阪府,,34.574277,135.597474
272272,大阪府,,34.67933,135.601012
272281,大阪府,,34.366005,135.273339
272299,大阪府,,34.739941,135.639533
272302,大阪府,,34.787944,135.679953
272311,大阪府,,34.503795,135.555693
272329,大阪府,,34.359583,135.23967
273015,大阪府,島本町,34.883925,135.66297
273210,大阪府,豊能町,34.918948,135.494174
273228,大阪府,能勢町,34.972551,135.414274
273414,大阪府,忠岡町,34.487093,135.401323
273619,大阪府,熊取町,34.401283,135.355785
273627,大阪府,田尻町,34.393774,135.291174
273660,大阪府,岬町,34.316978,135.142139
273813,大阪府,太子町,34.518682,135.647661
273821,大阪府,河南町,34.491637,135.629699
273830,大阪府,千早赤阪村,34.464587,135.622537
281018,兵庫県,東灘区,34.720228,135.265455
281026,兵庫県,灘区,34.712329,135.239657
281051,兵庫県,兵庫区,34.680578,135.165291
281069,兵庫県,長田区,34.665638,135.151026
281077,兵庫県,須磨区,34.658633,135.1337
281085,兵庫県,垂水区,34.630252,135.056766
281093,兵庫県,北区,34.727317,135.14444
281107,兵庫県,中央区,34.695124,135.197852
281115,兵庫県,西区,34.683239,134.981602
282014,兵庫県,,34.815149,134.685353
282022,兵庫県,,34.733734,135.406376
282031,兵庫県,,34.643107,134.997179
282049,兵庫県,,34.737597,135.341564
282057,兵庫県,,34.342426,134.89562
282065,兵庫県,,34.72695,135.304162
282073,兵庫県,,34.784306,135.400947
282081,兵庫県,,34.803601,134.468066
282090,兵庫県,,35.544575,134.820181
282103,兵庫県,,34.75695,134.841177
282120,兵庫県,,34.754956,134.390284
282138,兵庫県,,34.993355,134.969189
282146,兵庫県,,34.799767,135.360073
282154,兵庫県,,34.796944,134.990197
282162,兵庫県,,34.766201,134.790442
282171,兵庫県,,34.830135,135.417278
282189,兵庫県,,34.853193,134.931376
282197,兵庫県,,34.889996,135.225453
282201,兵庫県,,34.927936,134.841622
282219,兵庫県,,35.075661,135.219051
282227,兵庫県,,35.404657,134.767671
282235,兵庫県,,35.1771,135.035854
282243,兵庫県,,34.29448,134.779855
282251,兵庫県,,35.339665,134.85315
282260,兵庫県,,34.439699,134.915016
282278,兵庫県,,35.004417,134.549466
282286,兵庫県,,34.918573,134.973381
282294,兵庫県,,34.857863,134.54536
283011,兵庫県,猪名川町,34.895037,135.376162
283657,兵庫県,多可町,35.050335,134.923275
283819,兵庫県,稲美町,34.748807,134.913551
283827,兵庫県,播磨町,34.715299,134.867912
284424,兵庫県,市川町,34.989368,134.763317
284432,兵庫県,福崎町,34.950302,134.760248
284467,兵庫県,神河町,35.064226,134.739831
284645,兵庫県,太子町,34.833264,134.572255
284815,兵庫県,上郡町,34.873563,134.356098
285013,兵庫県,佐用町,35.004346,134.355734
285854,兵庫県,香美町,35.632186,134.629178
285862,兵庫県,新温泉町,35.623481,134.448939
292010,奈良県,,34.685087,135.805
292028,奈良県,,34.515046,135.736392
292036,奈良県,,34.649374,135.782755
292044,奈良県,,34.596647,135.837331
292052,奈良県,,34.509448,135.792626
292061,奈良県,,34.518714,135.843216
292079,奈良県,,34.35203,135.693632
292087,奈良県,,34.463331,135.74024
292095,奈良県,,34.69196,135.700536
292109,奈良県,,34.541256,135.698937
292117,奈良県,,34.511119,135.706917
292125,奈良県,,34.528029,135.952269
293229,奈良県,山添村,34.68128,136.0438
293423,奈良県,平群町,34.629174,135.700654
293431,奈良県,三郷町,34.600138,135.695525
293440,奈良県,斑鳩町,34.608849,135.730591
293458,奈良県,安堵町,34.60648,135.756781
293610,奈良県,川西町,34.584394,135.774038
293628,奈良県,三宅町,34.573698,135.773144
293636,奈良県,田原本町,34.556601,135.794876
293857,奈良県,曽爾村,34.510647,136.124478
293865,奈良県,御杖村,34.488389,136.165916
294012,奈良県,高取町,34.449513,135.793175
294021,奈良県,明日香村,34.471278,135.820641
294241,奈良県,上牧町,34.562749,135.716629
294250,奈良県,王寺町,34.594725,135.706551
294268,奈良県,広陵町,34.542784,135.750835
294276,奈良県,河合町,34.578472,135.736672
294411,奈良県,吉野町,34.396049,135.857618
294420,奈良県,大淀町,34.390562,135.789716
294438,奈良県,下市町,34.360981,135.791858
294446,奈良県,黒滝村,34.309307,135.852142
294462,奈良県,天川村,34.241909,135.855149
294471,奈良県,野迫川村,34.166257,135.633063
294497,奈良県,十津川村,33.988495,135.792415
294501,奈良県,下北山村,34.005038,135.955167
294519,奈良県,上北山村,34.134322,135.999988
294527,奈良県,川上村,34.338107,135.954325
294535,奈良県,東吉野村,34.403582,135.968365
302015,和歌山県,,34.230511,135.170808
302023,和歌山県,,34.155336,135.209223
302031,和歌山県,,34.315053,135.605296
302040,和歌山県,,34.083095,135.127635
302058,和歌山県,,33.891492,135.152346
302066,和歌山県,,33.728034,135.377768
302074,和歌山県,,33.724108,135.992955
302082,和歌山県,,34.26986,135.362757
302091,和歌山県,,34.256295,135.311323
303046,和歌山県,紀美野町,34.167225,135.307489
303411,和歌山県,かつらぎ町,34.296396,135.503836
303437,和歌山県,九度山町,34.287169,135.562245
303445,和歌山県,高野町,34.216069,135.586536
303615,和歌山県,湯浅町,34.029394,135.190452
303623,和歌山県,広川町,34.030032,135.172993
303666,和歌山県,有田川町,34.065322,135.254432
303810,和歌山県,美浜町,33.893756,135.133101
303828,和歌山県,日高町,33.92573,135.140883
303836,和歌山県,由良町,33.959223,135.118349
303909,和歌山県,印南町,33.818367,135.218247
303917,和歌山県,みなべ町,33.772324,135.321442
303925,和歌山県,日高川町,33.911783,135.185875
304018,和歌山県,白浜町,33.678165,135.348134
304042,和歌山県,上富田町,33.696366,135.42883
304069,和歌山県,すさみ町,33.550151,135.49664
304212,和歌山県,那智勝浦町,33.62595,135.941067
304221,和歌山県,太地町,33.594031,135.943962
304247,和歌山県,古座川町,33.53184,135.814802
304271,和歌山県,北山村,33.932097,135.969207
304280,和歌山県,串本町,33.47247,135.781498
312011,鳥取県,,35.501133,134.235091
312029,鳥取県,,35.428072,133.330945
312037,鳥取県,,35.430179,133.825561
312045,鳥取県,,35.539592,133.231486
313025,鳥取県,岩美町,35.575993,134.33209
313254,鳥取県,若桜町,35.34017,134.400997
313289,鳥取県,智頭町,35.26505,134.226612
313297,鳥取県,,35.409207,134.250526
313645,鳥取県,三朝町,35.408508,133.862306
313700,鳥取県,湯梨浜町,35.489959,133.864781
313718,鳥取県,琴浦町,35.495398,133.693278
313726,鳥取県,北栄町,35.49003,133.758355
313840,鳥取県,日吉津村,35.440207,133.380788
313866,鳥取県,大山町,35.510737,133.496114
313891,鳥取県,南部町,35.370784,133.361891
313904,鳥取県,伯耆町,35.385333,133.407164
314013,鳥取県,日南町,35.163294,133.306233
314021,鳥取県,日野町,35.240791,133.442786
314030,鳥取県,江府町,35.283187,133.488561
322016,島根県,,35.46806,133.048375
322024,島根県,,34.899303,132.079783
322032,島根県,,35.367035,132.754682
322041,島根県,,34.674817,131.842862
322059,島根県,,35.192106,132.499293
322067,島根県,,35.431442,133.250915
322075,島根県,,35.011418,132.22093
322091,島根県,,35.307726,132.900299
323438,島根県,奥出雲町,35.19743,133.002543
323861,島根県,飯南町,35.000035,132.713874
324418,島根県,川本町,34.994145,132.495496
324485,島根県,美郷町,35.07669,132.590559
324493,島根県,邑南町,34.893963,132.43797
325015,島根県,津和野町,34.467185,131.773166
325058,島根県,吉賀町,34.442094,131.867897
325252,島根県,海士町,36.096571,133.096709
325261,島根県,西ノ島町,36.093027,132.994422
325279,島根県,知夫村,36.013929,133.039386
325287,島根県,隠岐の島町,36.209014,133.32177
331015,岡山県,北区,34.65534,133.919813
331023,岡山県,中区,34.670842,133.94318
331031,岡山県,東区,34.651443,134.029488
331040,岡山県,南区,34.599777,133.919553
332020,岡山県,,34.585013,133.772084
332038,岡山県,,35.069116,134.004543
332046,岡山県,,34.491943,133.945987
332054,岡山県,,34.50718,133.507441
332071,岡山県,,34.597672,133.463681
332089,岡山県,,34.672807,133.746528
332097,岡山県,,34.791023,133.616733
332101,岡山県,,34.97703,133.470306
332119,岡山県,,34.74516,134.188044
332127,岡山県,,34.664887,134.092846
332135,岡山県,,34.755388,134.01884
332143,岡山県,,35.075602,133.75273
332151,岡山県,,35.008588,134.148572
332160,岡山県,,34.527839,133.584922
333468,岡山県,和気町,34.849729,134.097923
334235,岡山県,早島町,34.600702,133.828354
334456,岡山県,里庄町,34.51379,133.556866
334618,岡山県,矢掛町,34.627593,133.587085
335860,岡山県,新庄村,35.179458,133.567734
336068,岡山県,鏡野町,35.091833,133.932799
336220,岡山県,勝央町,35.04184,134.116183
336238,岡山県,奈義町,35.123024,134.177425
336432,岡山県,西粟倉村,35.171331,134.336273
336637,岡山県,久米南町,34.929246,133.960687
336661,岡山県,美咲町,34.997953,133.958163
336815,岡山県,吉備中央町,34.860965,133.811806
341011,広島県,中区,34.386245,132.455018
341029,広島県,東区,34.39548,132.482429
341037,広島県,南区,34.379979,132.469033
341045,広島県,西区,34.393972,132.434421
341053,広島県,安佐南区,34.451844,132.47163
341061,広島県,安佐北区,34.518373,132.507753
341070,広島県,安芸区,34.371728,132.525417
341088,広島県,佐伯区,34.364446,132.36084
342025,広島県,,34.249254,132.565805
342033,広島県,,34.341794,132.907088
342041,広島県,,34.397433,133.078658
342050,広島県,,34.408876,133.204889
342076,広島県,,34.485899,133.362313
342084,広島県,,34.568347,133.236321
342092,広島県,,34.805574,132.851674
342106,広島県,,34.857732,133.017277
342114,広島県,,34.237977,132.222475
342122,広島県,,34.42638,132.743307
342131,広島県,,34.348258,132.331622
342149,広島県,,34.666307,132.704299
342157,広島県,,34.223002,132.443855
343021,広島県,府中町,34.392486,132.50458
343048,広島県,海田町,34.372164,132.536089
343072,広島県,熊野町,34.335736,132.584637
343099,広島県,坂町,34.34124,132.513703
343684,広島県,安芸太田町,34.576745,132.227141
343692,広島県,北広島町,34.674558,132.538416
344311,広島県,大崎上島町,34.269633,132.915086
344621,広島県,世羅町,34.586828,133.056651
345458,広島県,神石高原町,34.703661,133.247652
352012,山口県,,33.957831,130.941459
352021,山口県,,33.951509,131.246786
352039,山口県,,34.178496,131.473727
352047,山口県,,34.408116,131.399085
352063,山口県,,34.051752,131.56269
352071,山口県,,34.01503,131.870342
352080,山口県,,34.166562,132.218848
352101,山口県,,33.961913,131.942282
352110,山口県,,34.370956,131.182195
352128,山口県,,33.963833,132.101597
352136,山口県,,34.166635,131.205678
352152,山口県,,34.055119,131.806186
352161,山口県,,34.003064,131.181967
353051,山口県,周防大島町,33.927595,132.195234
353213,山口県,和木町,34.202406,132.220408
353418,山口県,上関町,33.830976,132.110743
353434,山口県,田布施町,33.954703,132.041373
353442,山口県,平生町,33.937988,132.073052
355020,山口県,阿武町,34.503335,131.471399
362018,徳島県,,34.07027,134.554844
362026,徳島県,,34.172562,134.608786
362034,徳島県,,34.004711,134.590674
362042,徳島県,,33.921748,134.659469
362051,徳島県,,34.025689,134.259833
362069,徳島県,,34.102148,134.297437
362077,徳島県,,34.053403,134.169749
362085,徳島県,,34.026041,133.807263
363014,徳島県,勝浦町,33.931408,134.511356
363022,徳島県,上勝町,33.889162,134.402051
363219,徳島県,佐那河内村,33.993208,134.453122
363413,徳島県,石井町,34.074173,134.44069
363421,徳島県,神山町,33.967291,134.350461
363685,徳島県,那賀町,33.820626,134.47883
363839,徳島県,牟岐町,33.668407,134.420555
363871,徳島県,美波町,33.734553,134.535444
363880,徳島県,海陽町,33.602029,134.351997
364011,徳島県,松茂町,34.133768,134.580556
364029,徳島県,北島町,34.125578,134.546987
364037,徳島県,藍住町,34.126587,134.49509
364045,徳島県,板野町,34.144363,134.462618
364053,徳島県,上板町,34.121384,134.404816
364681,徳島県,つるぎ町,34.037335,134.064074
364894,徳島県,東みよし町,34.036783,133.936757
372013,香川県,,34.342788,134.046574
372021,香川県,,34.289506,133.797706
372030,香川県,,34.316319,133.86051
372048,香川県,,34.228533,133.787113
372056,香川県,,34.128466,133.662811
372064,香川県,,34.325207,134.17212
372072,香川県,,34.243809,134.358743
372081,香川県,,34.182547,133.715219
373222,香川県,土庄町,34.486022,134.185807
373249,香川県,小豆島町,34.481998,134.233595
373419,香川県,三木町,34.268284,134.134293
373648,香川県,直島町,34.459703,133.995689
373869,香川県,宇多津町,34.310298,133.825513
373877,香川県,綾川町,34.249627,133.923066
374032,香川県,琴平町,34.191417,133.823303
374041,香川県,多度津町,34.272488,133.753605
374067,香川県,まんのう町,34.192329,133.841402
382019,愛媛県,,33.839157,132.765575
382027,愛媛県,,34.066098,132.99786
382035,愛媛県,,33.22334,132.560557
382043,愛媛県,,33.462898,132.423336
382051,愛媛県,,33.96029,133.283351
382060,愛媛県,,33.919511,133.18117
382078,愛媛県,,33.506194,132.544509
382108,愛媛県,,33.757429,132.703729
382132,愛媛県,,33.980761,133.549195
382141,愛媛県,,33.36262,132.510992
382159,愛媛県,,33.791024,132.872296
383562,愛媛県,上島町,34.257336,133.204507
383864,愛媛県,久万高原町,33.655606,132.901671
384011,愛媛県,松前町,33.78744,132.711375
384020,愛媛県,砥部町,33.749263,132.792228
384224,愛媛県,内子町,33.532902,132.658007
384429,愛媛県,伊方町,33.488574,132.354012
384844,愛媛県,松野町,33.227189,132.710799
384887,愛媛県,鬼北町,33.255857,132.684104
385069,愛媛県,愛南町,32.962164,132.583324
392014,高知県,,33.559587,133.529279
392022,高知県,,33.290009,134.152051
392031,高知県,,33.502546,133.907166
392049,高知県,,33.575671,133.64146
392057,高知県,,33.496044,133.425292
392065,高知県,,33.400745,133.282953
392081,高知県,,32.939009,132.726286
392090,高知県,,32.781634,132.954989
392103,高知県,,32.991384,132.933749
392111,高知県,,33.564171,133.700488
392120,高知県,,33.603719,133.686003
393011,高知県,東洋町,33.527937,134.279974
393029,高知県,奈半利町,33.424181,134.020952
393037,高知県,田野町,33.427708,134.008293
393045,高知県,安田町,33.43857,133.981074
393053,高知県,北川村,33.447694,134.042067
393061,高知県,馬路村,33.55535,134.048108
393070,高知県,芸西村,33.526901,133.808914
393410,高知県,本山町,33.757107,133.591412
393444,高知県,大豊町,33.764291,133.664275
393631,高知県,土佐町,33.737064,133.531675
393649,高知県,大川村,33.783926,133.466608
393860,高知県,いの町,33.548754,133.427773
393878,高知県,仁淀川町,33.575245,133.168574
394017,高知県,中土佐町,33.337346,133.140361
394025,高知県,佐川町,33.500869,133.28653
394033,高知県,越知町,33.53292,133.251991
394050,高知県,檮原町,33.392246,132.926987
394106,高知県,日高村,33.534897,133.373353
394114,高知県,津野町,33.44658,133.199469
394122,高知県,四万十町,33.211653,133.137027
394246,高知県,大月町,32.841482,132.707026
394271,高知県,三原村,32.906013,132.847242
394289,高知県,黒潮町,33.02493,133.01092
401013,福岡県,門司区,33.941138,130.959663
401030,福岡県,若松区,33.905476,130.811143
401056,福岡県,戸畑区,33.893508,130.829814
401064,福岡県,小倉北区,33.880882,130.873419
401072,福岡県,小倉南区,33.846525,130.884811
401081,福岡県,八幡東区,33.863444,130.811863
401099,福岡県,八幡西区,33.866465,130.764923
401315,福岡県,東区,33.617746,130.417391
401323,福岡県,博多区,33.591358,130.414878
401331,福岡県,中央区,33.589216,130.392813
401340,福岡県,南区,33.561569,130.426428
401358,福岡県,西区,33.582939,130.323119
401366,福岡県,城南区,33.575686,130.369976
401374,福岡県,早良区,33.581941,130.348436
402028,福岡県,,33.030262,130.445985
402036,福岡県,,33.319287,130.508374
402044,福岡県,,33.744184,130.729633
402052,福岡県,,33.645908,130.691511
402061,福岡県,,33.638982,130.806298
402079,福岡県,,33.163089,130.405753
402109,福岡県,,33.211967,130.557908
402117,福岡県,,33.212447,130.502093
402125,福岡県,,33.206594,130.383958
402133,福岡県,,33.728773,130.982967
402141,福岡県,,33.611511,131.130051
402150,福岡県,,33.81665,130.709077
402168,福岡県,,33.396416,130.555438
402176,福岡県,,33.496342,130.515657
402184,福岡県,,33.532571,130.470281
402192,福岡県,,33.536307,130.478641
402206,福岡県,,33.805431,130.540718
402214,福岡県,,33.512799,130.523906
402231,福岡県,,33.728787,130.469987
402249,福岡県,,33.786866,130.469886
402257,福岡県,,33.347297,130.754934
402265,福岡県,,33.723568,130.666694
402273,福岡県,,33.560662,130.766817
402281,福岡県,,33.423413,130.665573
402290,福岡県,,33.152425,130.47472
402303,福岡県,,33.55732,130.195555
403059,福岡県,那珂川町,33.4996,130.422174
403415,福岡県,宇美町,33.567779,130.511112
403423,福岡県,篠栗町,33.623948,130.526256
403431,福岡県,志免町,33.591473,130.479743
403440,福岡県,須恵町,33.587268,130.507254
403458,福岡県,新宮町,33.715295,130.446566
403482,福岡県,久山町,33.646809,130.499834
403491,福岡県,粕屋町,33.610743,130.480523
403814,福岡県,芦屋町,33.893801,130.663896
403822,福岡県,水巻町,33.854748,130.694847
403831,福岡県,岡垣町,33.853599,130.611104
403849,福岡県,遠賀町,33.848151,130.668438
404012,福岡県,小竹町,33.6925,130.712771
404021,福岡県,鞍手町,33.792218,130.673975
404217,福岡県,桂川町,33.578933,130.677904
404471,福岡県,筑前町,33.456977,130.5953
404489,福岡県,,33.464292,130.825892
405035,福岡県,大刀洗町,33.372372,130.62248
405221,福岡県,大木町,33.210469,130.439733
405442,福岡県,広川町,33.241553,130.551505
406015,福岡県,香春町,33.667933,130.847335
406023,福岡県,添田町,33.571855,130.853955
406040,福岡県,糸田町,33.652789,130.779091
406058,福岡県,川崎町,33.59994,130.814937
406082,福岡県,大任町,33.612478,130.853714
406091,福岡県,赤村,33.616592,130.871035
406104,福岡県,福智町,33.683261,130.780121
406210,福岡県,苅田町,33.775921,130.98051
406252,福岡県,みやこ町,33.699262,130.920401
406422,福岡県,吉富町,33.602643,131.175948
406465,福岡県,上毛町,33.578408,131.164113
406473,福岡県,築上町,33.656112,131.056063
412015,佐賀県,,33.263482,130.300858
412023,佐賀県,,33.450174,129.968134
412031,佐賀県,,33.377755,130.506258
412040,佐賀県,,33.28851,130.110061
412058,佐賀県,,33.264586,129.880269
412066,佐賀県,,33.193749,130.019151
412074,佐賀県,,33.103724,130.098769
412082,佐賀県,,33.273665,130.216864
412091,佐賀県,,33.128084,130.060114
412104,佐賀県,,33.310763,130.37306
413275,佐賀県,吉野ヶ里町,33.351679,130.398357
413411,佐賀県,基山町,33.426852,130.522813
413453,佐賀県,上峰町,33.319626,130.426134
413461,佐賀県,みやき町,33.324982,130.454698
413879,佐賀県,玄海町,33.472183,129.874698
414018,佐賀県,有田町,33.210563,129.849217
414239,佐賀県,大町町,33.213754,130.116084
414247,佐賀県,江北町,33.220592,130.157528
414255,佐賀県,白石町,33.181035,130.143496
414417,佐賀県,太良町,33.019407,130.178974
422011,長崎県,,32.750286,129.877667
422029,長崎県,,33.179915,129.71511
422037,長崎県,,32.788103,130.370286
422045,長崎県,,32.843438,130.053095
422053,長崎県,,32.90009,129.958142
422070,長崎県,,33.368062,129.553671
422088,長崎県,,33.341021,129.709045
422096,長崎県,,34.202662,129.28749
422100,長崎県,,33.74995,129.691352
422118,長崎県,,32.695524,128.840829
422126,長崎県,,32.933067,129.642977
422134,長崎県,,32.835197,130.1875
422142,長崎県,,32.659777,130.297864
423076,長崎県,長与町,32.825189,129.875045
423084,長崎県,時津町,32.828888,129.848536
423211,長崎県,東彼杵町,33.037026,129.917149
423220,長崎県,川棚町,33.072776,129.86119
423238,長崎県,波佐見町,33.13789,129.895546
423831,長崎県,小値賀町,33.191081,129.058749
423912,長崎県,佐々町,33.238342,129.650345
424111,長崎県,新上五島町,32.984645,129.073391
431010,熊本県,中央区,32.803225,130.708191
431028,熊本県,東区,32.780522,130.768069
431036,熊本県,西区,32.776358,130.647542
431044,熊本県,南区,32.715333,130.678877
431052,熊本県,北区,32.903544,130.694411
432024,熊本県,,32.507437,130.601743
432032,熊本県,,32.210041,130.762554
432041,熊本県,,32.986836,130.432959
432059,熊本県,,32.21188,130.408723
432067,熊本県,,32.93522,130.56284
432083,熊本県,,33.017578,130.691365
432105,熊本県,,32.979483,130.813333
432113,熊本県,,32.687385,130.658521
432121,熊本県,,32.587419,130.430527
432130,熊本県,,32.647847,130.684365
432148,熊本県,,32.951954,131.120955
432156,熊本県,,32.458635,130.192982
432164,熊本県,,32.885988,130.789707
433489,熊本県,美里町,32.639589,130.789026
433641,熊本県,玉東町,32.9189,130.628543
433675,熊本県,南関町,33.06161,130.541162
433683,熊本県,長洲町,32.929678,130.452808
433691,熊本県,和水町,32.978106,130.605835
434035,熊本県,大津町,32.87899,130.868223
434043,熊本県,菊陽町,32.862515,130.828623
434230,熊本県,南小国町,33.09866,131.07037
434248,熊本県,小国町,33.121568,131.068144
434256,熊本県,産山村,32.99576,131.216781
434281,熊本県,高森町,32.827279,131.122011
434329,熊本県,西原村,32.834825,130.90301
434337,熊本県,南阿蘇村,32.821982,131.031438
434418,熊本県,御船町,32.714616,130.801894
434426,熊本県,嘉島町,32.740076,130.757259
434434,熊本県,益城町,32.79143,130.816382
434442,熊本県,甲佐町,32.651599,130.811465
434477,熊本県,山都町,32.685453,130.990455
434680,熊本県,氷川町,32.5825,130.673786
434825,熊本県,芦北町,32.298941,130.492978
434841,熊本県,津奈木町,32.233842,130.439583
435015,熊本県,錦町,32.201197,130.841115
435058,熊本県,多良木町,32.263997,130.935784
435066,熊本県,湯前町,32.276284,130.980902
435074,熊本県,水上村,32.314342,131.009546
435104,熊本県,相良村,32.235269,130.798095
435112,熊本県,五木村,32.397277,130.827816
435121,熊本県,山江村,32.246806,130.766675
435139,熊本県,球磨村,32.252431,130.651163
435147,熊本県,あさぎり町,32.240316,130.897793
435317,熊本県,苓北町,32.513193,130.054804
442011,大分県,,33.239558,131.609272
442020,大分県,,33.28462,131.491214
442038,大分県,,33.598221,131.188325
442046,大分県,,33.321333,130.940966
442054,大分県,,32.959806,131.900058
442062,大分県,,33.126012,131.805124
442071,大分県,,33.072183,131.861277
442089,大分県,,32.97372,131.398002
442097,大分県,,33.557229,131.444624
442101,大分県,,33.417026,131.616089
442119,大分県,,33.531972,131.349545
442127,大分県,,32.977536,131.584133
442135,大分県,,33.180013,131.426856
442143,大分県,,33.565313,131.731674
443221,大分県,姫島村,33.724537,131.645139
443417,大分県,日出町,33.369443,131.532387
444618,大分県,九重町,33.228519,131.188794
444626,大分県,玖珠町,33.283132,131.15155
452017,宮崎県,,31.907674,131.420241
452025,宮崎県,,31.71959,131.061621
452033,宮崎県,,32.582272,131.665009
452041,宮崎県,,31.601932,131.378728
452050,宮崎県,,31.996731,130.972588
452068,宮崎県,,32.422944,131.623965
452076,宮崎県,,31.464539,131.228303
452084,宮崎県,,32.108554,131.401202
452092,宮崎県,,32.045344,130.810796
453412,宮崎県,三股町,31.730686,131.124809
453617,宮崎県,高原町,31.928463,131.007751
453820,宮崎県,国富町,31.990644,131.323535
453838,宮崎県,綾町,31.999133,131.253187
454010,宮崎県,高鍋町,32.127999,131.503355
454028,宮崎県,新富町,32.068868,131.488017
454036,宮崎県,西米良村,32.226232,131.154476
454044,宮崎県,木城町,32.163969,131.473537
454052,宮崎県,川南町,32.192071,131.525868
454061,宮崎県,都農町,32.256293,131.559568
454214,宮崎県,門川町,32.469793,131.648589
454290,宮崎県,諸塚村,32.512387,131.330405
454303,宮崎県,椎葉村,32.467325,131.158118
454311,宮崎県,美郷町,32.437404,131.422493
454419,宮崎県,高千穂町,32.71169,131.307787
454427,宮崎県,日之影町,32.653816,131.388146
454435,宮崎県,五ヶ瀬町,32.68302,131.196379
462012,鹿児島県,,31.596554,130.557116
462039,鹿児島県,,31.378292,130.852077
462047,鹿児島県,,31.2729,130.296904
462063,鹿児島県,,32.01447,130.192773
462080,鹿児島県,,32.090572,130.352753
462101,鹿児島県,,31.25277,130.633031
462136,鹿児島県,,30.732412,130.996835
462144,鹿児島県,,31.492734,130.700914
462152,鹿児島県,,31.813517,130.304244
462161,鹿児島県,,31.633709,130.402425
462179,鹿児島県,,31.653621,131.019391
462187,鹿児島県,,31.740899,130.762997
462195,鹿児島県,,31.714553,130.271929
462209,鹿児島県,,31.416612,130.323408
462217,鹿児島県,,31.495442,131.045336
462225,鹿児島県,,28.377248,129.493741
462233,鹿児島県,,31.378262,130.441645
462241,鹿児島県,,32.057225,130.613105
462250,鹿児島県,,31.728228,130.627816
463035,鹿児島県,三島村,30.79217,130.303757
463043,鹿児島県,十島村,29.837598,129.868198
463922,鹿児島県,さつま町,31.905701,130.45566
464040,鹿児島県,長島町,32.199375,130.176833
464520,鹿児島県,湧水町,31.95158,130.720924
464686,鹿児島県,大崎町,31.429201,131.005865
464821,鹿児島県,東串良町,31.385517,130.973495
464902,鹿児島県,錦江町,31.243566,130.787595
464911,鹿児島県,南大隅町,31.217263,130.768098
464929,鹿児島県,肝付町,31.344256,130.945079
465011,鹿児島県,中種子町,30.532822,130.95885
465020,鹿児島県,南種子町,30.414071,130.90086
465054,鹿児島県,屋久島町,30.371299,130.666468
465232,鹿児島県,大和村,28.358089,129.395263
465241,鹿児島県,宇検村,28.280731,129.297092
465259,鹿児島県,瀬戸内町,28.146402,129.314902
465275,鹿児島県,龍郷町,28.413297,129.589351
465291,鹿児島県,喜界町,28.316836,129.940032
465305,鹿児島県,徳之島町,27.726592,129.018669
465313,鹿児島県,天城町,27.811782,128.897702
465321,鹿児島県,伊仙町,27.673547,128.937795
465330,鹿児島県,和泊町,27.392287,128.655475
465348,鹿児島県,知名町,27.333676,128.57373
465356,鹿児島県,与論町,27.048527,128.414832
472018,沖縄県,,26.212312,127.679157
472051,沖縄県,,26.281575,127.778634
472077,沖縄県,,24.340661,124.15558
472085,沖縄県,,26.245816,127.721799
472093,沖縄県,,26.591547,127.977316
472107,沖縄県,,26.123584,127.665815
472115,沖縄県,,26.334427,127.805583
472123,沖縄県,,26.161006,127.668944
472131,沖縄県,,26.427062,127.829081
472140,沖縄県,,24.80549,125.281149
472158,沖縄県,,26.144452,127.766967
473014,沖縄県,国頭村,26.745635,128.177907
473022,沖縄県,大宜味村,26.701708,128.120164
473031,沖縄県,東村,26.633309,128.156911
473065,沖縄県,今帰仁村,26.682577,127.972628
473081,沖縄県,本部町,26.657577,127.897831
473111,沖縄県,恩納村,26.4975,127.853557
473138,沖縄県,宜野座村,26.481659,127.975589
473146,沖縄県,金武町,26.456126,127.925936
473154,沖縄県,伊江村,26.713482,127.80707
473243,沖縄県,読谷村,26.396055,127.744277
473251,沖縄県,嘉手納町,26.361662,127.755322
473260,沖縄県,北谷町,26.320119,127.763776
473278,沖縄県,北中城村,26.30111,127.793149
473286,沖縄県,中城村,26.267379,127.791126
473294,沖縄県,西原町,26.222845,127.758811
473481,沖縄県,与那原町,26.199577,127.754768
473502,沖縄県,南風原町,26.191119,127.728551
473537,沖縄県,渡嘉敷村,26.197343,127.364286
473545,沖縄県,座間味村,26.228892,127.303157
473553,沖縄県,粟国村,26.58237,127.227187
473561,沖縄県,渡名喜村,26.372061,127.141021
473570,沖縄県,南大東村,25.828684,131.232015
473588,沖縄県,北大東村,25.945951,131.298994
473596,沖縄県,伊平屋村,27.039054,127.968666
473600,沖縄県,伊是名村,26.928363,127.941209
473618,沖縄県,久米島町,26.349033,126.747248
473626,沖縄県,八重瀬町,26.121745,127.74253
473758,沖縄県,多良間村,24.669397,124.701668
473812,沖縄県,竹富町,24.286667,123.881667
473821,沖縄県,与那国町,24.467969,123.004453